year,series,value
1989,Deceased organ donors,231
1989,Organs transplanted,672
1990,Deceased organ donors,203
1990,Organs transplanted,601
1991,Deceased organ donors,209
1991,Organs transplanted,672
1992,Deceased organ donors,216
1992,Organs transplanted,717
1993,Deceased organ donors,221
1993,Organs transplanted,750
1994,Deceased organ donors,183
1994,Organs transplanted,704
1995,Deceased organ donors,184
1995,Organs transplanted,718
1996,Deceased organ donors,194
1996,Organs transplanted,697
1997,Deceased organ donors,190
1997,Organs transplanted,723
1998,Deceased organ donors,196
1998,Organs transplanted,711
1999,Deceased organ donors,164
1999,Organs transplanted,602
2000,Deceased organ donors,196
2000,Organs transplanted,736
2001,Deceased organ donors,185
2001,Organs transplanted,668
2002,Deceased organ donors,206
2002,Organs transplanted,795
2003,Deceased organ donors,179
2003,Organs transplanted,680
2004,Deceased organ donors,218
2004,Organs transplanted,862
2005,Deceased organ donors,204
2005,Organs transplanted,803
2006,Deceased organ donors,202
2006,Organs transplanted,818
2007,Deceased organ donors,198
2007,Organs transplanted,722
2008,Deceased organ donors,259
2008,Organs transplanted,975
2009,Deceased organ donors,247
2009,Organs transplanted,938
2010,Deceased organ donors,309
2010,Organs transplanted,1082
2011,Deceased organ donors,337
2011,Organs transplanted,1183
2012,Deceased organ donors,354
2012,Organs transplanted,1236
2013,Deceased organ donors,391
2013,Organs transplanted,1323
2014,Deceased organ donors,378
2014,Organs transplanted,1327
2015,Deceased organ donors,435
2015,Organs transplanted,1481
2016,Deceased organ donors,503
2016,Organs transplanted,1687
2017,Deceased organ donors,510
2017,Organs transplanted,1641
2018,Deceased organ donors,554
2018,Organs transplanted,1820
2019,Deceased organ donors,548
2019,Organs transplanted,1636
2020,Deceased organ donors,463
2020,Organs transplanted,1462
2021,Deceased organ donors,421
2021,Organs transplanted,1363
2022,Deceased organ donors,454
2022,Organs transplanted,1397
2023,Deceased organ donors,513
2023,Organs transplanted,1586
2024,Deceased organ donors,527
2024,Organs transplanted,1484
2025,Deceased organ donors,557
2025,Organs transplanted,1625
