flow_id,origin,destination,origin_city,destination_city,organs,end,lat,lon
0,NSW,VIC,Sydney,Melbourne,50,0,-33.4883,150.969
0,NSW,VIC,Sydney,Melbourne,50,1,-37.4331,144.7228
1,NSW,QLD,Sydney,Brisbane,36,0,-33.9916,151.6422
1,NSW,QLD,Sydney,Brisbane,36,1,-27.5926,153.458
2,NSW,SA,Sydney,Adelaide,9,0,-33.4204,151.1716
2,NSW,SA,Sydney,Adelaide,9,1,-34.4801,138.563
3,NSW,WA,Sydney,Perth,15,0,-33.4195,151.2337
3,NSW,WA,Sydney,Perth,15,1,-31.5012,115.8849
4,VIC,NSW,Melbourne,Sydney,47,0,-38.1941,145.2034
4,VIC,NSW,Melbourne,Sydney,47,1,-34.2493,151.4496
5,VIC,QLD,Melbourne,Brisbane,17,0,-38.0902,145.318
5,VIC,QLD,Melbourne,Brisbane,17,1,-27.7464,153.38
6,VIC,SA,Melbourne,Adelaide,7,0,-37.4038,145.1489
6,VIC,SA,Melbourne,Adelaide,7,1,-34.5187,138.7865
7,VIC,WA,Melbourne,Perth,10,0,-37.3725,145.052
7,VIC,WA,Melbourne,Perth,10,1,-31.5094,115.9494
8,QLD,NSW,Brisbane,Sydney,57,0,-27.347,152.5922
8,QLD,NSW,Brisbane,Sydney,57,1,-33.746,150.7764
9,QLD,VIC,Brisbane,Melbourne,41,0,-27.1932,152.6702
9,QLD,VIC,Brisbane,Melbourne,41,1,-37.537,144.6082
10,QLD,SA,Brisbane,Adelaide,5,0,-27.0701,152.8184
10,QLD,SA,Brisbane,Adelaide,5,1,-34.5288,138.394
11,QLD,WA,Brisbane,Perth,8,0,-27.023,152.9712
11,QLD,WA,Brisbane,Perth,8,1,-31.5037,115.8066
12,SA,NSW,Adelaide,Sydney,16,0,-35.3769,138.6384
12,SA,NSW,Adelaide,Sydney,16,1,-34.3172,151.247
13,SA,VIC,Adelaide,Melbourne,23,0,-35.3383,138.4149
13,SA,VIC,Adelaide,Melbourne,23,1,-38.2234,144.7773
14,SA,QLD,Adelaide,Brisbane,9,0,-35.3282,138.8074
14,SA,QLD,Adelaide,Brisbane,9,1,-27.8695,153.2318
15,SA,WA,Adelaide,Perth,10,0,-34.4823,138.6591
15,SA,WA,Adelaide,Perth,10,1,-31.5043,115.9189
16,WA,NSW,Perth,Sydney,25,0,-32.3998,115.8361
16,WA,NSW,Perth,Sydney,25,1,-34.3181,151.1849
17,WA,VIC,Perth,Melbourne,11,0,-32.3916,115.7716
17,WA,VIC,Perth,Melbourne,11,1,-38.2547,144.8742
18,WA,QLD,Perth,Brisbane,9,0,-32.3973,115.9144
18,WA,QLD,Perth,Brisbane,9,1,-27.9166,153.079
19,WA,SA,Perth,Adelaide,8,0,-32.3967,115.8021
19,WA,SA,Perth,Adelaide,8,1,-35.3747,138.5423
20,TAS,NSW,Hobart,Sydney,12,0,-43.0601,147.7405
20,TAS,NSW,Hobart,Sydney,12,1,-34.0468,151.6226
21,TAS,VIC,Hobart,Melbourne,52,0,-42.6919,147.735
21,TAS,VIC,Hobart,Melbourne,52,1,-37.6234,145.3709
22,TAS,QLD,Hobart,Brisbane,6,0,-43.0381,147.7493
22,TAS,QLD,Hobart,Brisbane,6,1,-27.6258,153.4472
23,TAS,WA,Hobart,Perth,3,0,-42.457,147.4749
23,TAS,WA,Hobart,Perth,3,1,-31.5254,116.0082
24,NT,NSW,Darwin,Sydney,1,0,-12.7736,130.5196
24,NT,NSW,Darwin,Sydney,1,1,-34.179,150.8833
25,NT,VIC,Darwin,Melbourne,1,0,-12.6823,130.4525
25,NT,VIC,Darwin,Melbourne,1,1,-38.0325,144.57
26,NT,QLD,Darwin,Brisbane,1,0,-12.8361,130.5934
26,NT,QLD,Darwin,Brisbane,1,1,-27.8425,152.7729
27,NT,SA,Darwin,Adelaide,12,0,-12.6102,130.4202
27,NT,SA,Darwin,Adelaide,12,1,-35.0753,138.1753
28,NT,WA,Darwin,Perth,2,0,-12.1891,130.4889
28,NT,WA,Darwin,Perth,2,1,-31.6762,115.5038
29,ACT,NSW,Canberra,Sydney,32,0,-35.6532,149.3828
29,ACT,NSW,Canberra,Sydney,32,1,-34.2411,151.4621
30,ACT,VIC,Canberra,Melbourne,6,0,-34.8964,148.8963
30,ACT,VIC,Canberra,Melbourne,6,1,-37.4291,144.7294
31,ACT,QLD,Canberra,Brisbane,3,0,-35.4817,149.5327
31,ACT,QLD,Canberra,Brisbane,3,1,-27.6706,153.4278
32,ACT,WA,Canberra,Perth,3,0,-34.8331,149.1748
32,ACT,WA,Canberra,Perth,3,1,-31.5027,115.9053
