iso_n3,country,year,dpmp,note
724,Spain,2024,53.93,
840,United States,2024,49.70,
620,Portugal,2024,36.67,
203,Czech Republic,2024,34.29,
056,Belgium,2024,32.60,
380,Italy,2024,30.50,
191,Croatia,2024,30.25,
246,Finland,2024,28.91,
250,France,2024,28.60,
112,Belarus,2024,25.47,
440,Lithuania,2024,24.81,
124,Canada,2024,22.86,Utilised donors rate
752,Sweden,2024,22.71,
208,Denmark,2024,21.19,
528,Netherlands,2024,21.07,
756,Switzerland,2024,21.01,
040,Austria,2024,20.78,
578,Norway,2024,20.55,
705,Slovenia,2024,20.48,
826,United Kingdom,2024,20.37,
036,Australia,2024,19.74,
858,Uruguay,2024,19.71,
032,Argentina,2024,17.41,
076,Brazil,2024,17.33,
428,Latvia,2024,16.67,
372,Ireland,2024,16.47,
348,Hungary,2024,15.70,
616,Poland,2024,15.59,
233,Estonia,2024,14.62,
364,Iran,2024,14.05,
554,New Zealand,2024,13.21,
470,Malta,2024,12.00,
703,Slovak Republic,2024,11.58,
784,United Arab Emirates,2024,11.56,
276,Germany,2024,11.44,
414,Kuwait,2024,11.16,
152,Chile,2024,10.81,
300,Greece,2024,10.78,
376,Israel,2024,10.43,
442,Luxembourg,2024,10.00,
196,Cyprus,2024,9.23,
634,Qatar,2024,8.15,
410,South Korea,2024,7.68,
352,Iceland,2024,7.50,
170,Colombia,2024,7.42,
764,Thailand,2024,6.06,
158,Taiwan,2024,5.77,
188,Costa Rica,2024,5.58,
702,Singapore,2024,4.75,
156,China,2024,4.71,
792,Turkey,2024,4.22,
484,Mexico,2024,4.21,
344,Hong Kong,2024,4.13,
218,Ecuador,2024,3.91,
600,Paraguay,2024,3.77,
642,Romania,2024,3.72,
804,Ukraine,2024,3.43,
591,Panama,2024,3.33,
682,Saudi Arabia,2024,3.31,
144,Sri Lanka,2024,3.20,
100,Bulgaria,2024,2.42,
214,Dominican Republic,2024,2.11,
070,Bosnia and Herzegovina,2024,1.88,
604,Peru,2024,1.47,
710,South Africa,2024,1.43,
496,Mongolia,2024,1.43,
458,Malaysia,2024,1.30,
688,Serbia,2024,1.27,
392,Japan,2024,1.13,
512,Oman,2024,1.06,
807,North Macedonia,2024,0.95,
356,India,2024,0.78,
788,Tunisia,2024,0.63,
498,Moldova,2024,0.61,
320,Guatemala,2024,0.54,
192,Cuba,2024,0.45,
704,Vietnam,2024,0.41,
068,Bolivia,2024,0.32,
398,Kazakhstan,2024,0.30,
400,Jordan,2024,0.09,
608,Philippines,2024,0.08,
050,Bangladesh,2024,0.01,
586,Pakistan,2024,0.01,
